{
  "intents":[
{
  "tag": "greeting",
  "patterns": [
     "Hi",
     "Hello",
     "heyy"
  ],
  "responses": [
     "Hello!",
     "Hi there, how can I help?"
  ],
  "context_set": ""
},
{
  "tag": "goodbye",
  "patterns": [
     "Goodbye",
     "Bye"
  ],
  "responses": [
     "Goodbye!"
  ],
  "context_set": ""
},
{
  "tag": "ranking",
  "patterns": [
     "Rank in world?",
     "ratings",
     "overall rank"
  ],
  "responses": [
     "NIRF Ranking 2023: 100th amongst top 100 engineering institutions of country. Interanational Rankings according to TIMES HIGHER EDUCATION(THE): THE World University Rankings 2018: 801-1000, THE Asia University Rankings 2018 : 251-300, THE Emerging Economies University Rankings : 251-300."
  ],
  "context_set": ""
},
{
  "tag": "hours",
  "patterns": [
     "timing of college",
     "what is college timing",
     "working days",
     "what are your hours",
     "hours of operation",
     "when is the college open",
     "college timing",
     "what about college timing",
     "is college open on saturday",
     "tell something about college timing",
     "what is the college  hours",
     "what is my college time",
     "college timing"
  ],
  "responses": [
     "Classes: 8am-6pm Monday-Friday!"
  ],
  "context_set": ""
},
{
  "tag": "number",
  "patterns": [
     "contact info",
     "how to contact college",
     "college telephone number",
     "What is your contact no",
     "Contact number?",
     "College phone no?",
     "how can i contact you",
     "Can i get your phone number",
     "phone number",
     "phone no"
  ],
  "responses": [
     "You can contact at: 0175 239 3021"
  ],
  "context_set": ""
},
{
  "tag": "course",
  "patterns": [
     "list of courses",
     "list of courses offered",
     "what are the courses offered in your college?",
     "courses?",
     "courses offered",
     "courses available",
     "courses offered in Thapar",
     "branches?",
     "computer engineering?",
     "computer",
     "it",
     "IT",
     "Information Technology",
     "AI/Ml",
     "Mechanical engineering",
     "Chemical engineering",
     "Civil engineering"
  ],
  "responses": [
     "Our university offers: \n1. Chemical Engineering, \n2. Civil Engineering, \n3. Computer Engineering, \n4. Electrical Engineering, \n5. Electronics and Communication Engineering, \n6. Electronics Instrumentation and Control Engineering, \n7. Electronics and Computer Engineering, \n8. Mechanical Engineering, \n9. Mechatronics, \n10. Biotechnology."
  ],
  "context_set": ""
},
{
  "tag": "fees",
  "patterns": [
     "information about fee",
     "college fee",
     "fee per semester",
     "what is the fee of each semester",
     "what is the fees of each year",
     "how much is the fees",
     "fees for first year",
     "fees",
     "What is the fees of hostel",
     "how much is the fees",
     "hostel fees",
     "fees for AC room",
     "fees for non-AC room",
     "fees for Ac room for girls",
     "fees for non-Ac room for girls",
     "fees for Ac room for boys",
     "fees for non-Ac room for boys"
  ],
  "responses": [
     "University fees per semester is around 1.5-2 lacs.And hostel fees ranges between Rs.40500-70000 depending upon the type of accomodation."
  ],
  "context_set": ""
},
{
  "tag": "location",
  "patterns": [
     "where is the college located",
     "where is college located",
     "address of college",
     "college location",
     "college address",
     "whats is the college address",
     "address",
     "location"
  ],
  "responses": [
     "The old campus is situated at Bhadson road, Patiala, Punjab and the new one in Derabassi."
  ],
  "context_set": ""
},
{
  "tag": "hostel",
  "patterns": [
     "hostel facility",
     "hostel servive",
     "hostel location",
     "hostel address",
     "hostel facilities",
     "hostel fees",
     "Does college provide hostel",
     "Is there any hostel",
     "Where is hostel",
     "do you have hostel",
     "do you guys have hostel",
     "hostel",
     "hostels",
     "hostel capacity",
     "what is the hostel fee",
     "how to get in hostel",
     "what is the hostel address",
     "how far is hostel from college",
     "hostel college distance",
     "where is the hostel",
     "how big is the hostel",
     "distance between college and hostel",
     "distance between hostel and college"
  ],
  "responses": [
     "There are about 9 boys hostels(A, B, C, D, H, J, K, M, O) and 7 girls hostels(E, G, I, L, N, Q, PG). Hostel capacity varies. The distance of campus from boys hostel is about 10-15 mins walk and for girls it is 5-10 mins walk."
  ],
  "context_set": ""
},
{
  "tag": "event",
  "patterns": [
     "events organised",
     "list of events",
     "list of events organised in college",
     "list of events conducted in college",
     "What events are conducted in college",
     "Are there any event held at college",
     "Events?",
     "functions",
     "what are the events",
     "tell me about events",
     "what about events"
  ],
  "responses": [
     "College organises various events every semester. Some of the famous events are Saturnalia, izhaar, tff, etc."
  ],
  "context_set": ""
},
{
  "tag": "document",
  "patterns": [
     "document to bring",
     "documents needed for admision",
     "documents needed at the time of admission",
     "documents needed during admission",
     "documents required for admision",
     "documents required at the time of admission",
     "documents required during admission",
     "What document are required for admission",
     "Which document to bring for admission",
     "documents",
     "what documents do i need",
     "what documents do I need for admission",
     "documents needed"
  ],
  "responses": [
     "Admission apllication form, 10+2 marksheet with atleast 75% in PCM/PCB, JEE Mains admit card and result card, Undertaking by students and parents, medical fitness certificate, character certificate, migration certificate, income certificate of parents"
  ],
  "context_set": ""
},
{
  "tag": "campus area",
  "patterns": [
     "size of campus",
     "building size",
     "campus area"
  ],
  "responses": [
     "The College is spread across 250 acres."
  ],
  "context_set": ""
},
{
  "tag": "library",
  "patterns": [
     "is there any library",
     "library facility",
     "library facilities",
     "do you have library",
     "does the college have library facility",
     "college library",
     "where can i get books",
     "book facility",
     "Where is library",
     "Library",
     "Library information",
     "Library books information",
     "Tell me about library",
     "how many libraries"
  ],
  "responses": [
     "The university has a large library called \"Nava Nalanda Central Library\". It has variety of books for both academics and leisure reading which can be issued for a particular period of time. It also has Group Discussion rooms for group studies and project making."
  ],
  "context_set": ""
},
{
  "tag": "infrastructure",
  "patterns": [
     "how is college infrastructure",
     "infrastructure",
     "college infrastructure"
  ],
  "responses": [
     "Our University has Excellent Infrastructure. Campus is clean. Good IT Labs With Good Speed of Internet connection. You may also visit https://tiet360.in/ for campus tour."
  ],
  "context_set": ""
},
{
  "tag": "canteen",
  "patterns": [
     "food facilities",
     "canteen facilities",
     "canteen facility",
     "is there any canteen",
     "Is there a cafetaria in college",
     "Does college have canteen",
     "Where is canteen",
     "where is cafetaria",
     "canteen",
     "Food",
     "Cafetaria"
  ],
  "responses": [
     "Our university has a canteen in every block with variety of food options available"
  ],
  "context_set": ""
},
{
  "tag": "placement",
  "patterns": [
     "What is college placement",
     "Which companies visit in college",
     "What is average package",
     "companies visit",
     "package",
     "About placement",
     "placement",
     "recruitment",
     "companies"
  ],
  "responses": [
     "To know about placement visit <a target=\"_blank\" href=\"https://www.thapar.edu/placements\">here</a>"
  ],
  "context_set": ""
},
{
  "tag": "principal",
  "patterns": [
     "what is the name of principal",
     "whatv is the principal name",
     "principal name",
     "Who is college principal",
     "Where is principal's office",
     "principal",
     "name of principal"
  ],
  "responses": [
     "Dr. Padmakumar Nair is the college director."
  ],
  "context_set": ""
},
{
  "tag": "sem",
  "patterns": [
     "exam dates",
     "exam schedule",
     "When is semester exam",
     "Semester exam timetable",
     "sem",
     "semester",
     "exam",
     "when is exam",
     "exam timetable",
     "exam dates",
     "when is semester"
  ],
  "responses": [
     "Academic calender is provided by the dean of academic affairs. Usually, the semester durations are: January to June for odd semester and August to December for even semester."
  ],
  "context_set": ""
},
{
  "tag": "admission",
  "patterns": [
     "what is the process of admission",
     "what is the admission process",
     "How to take admission in your college",
     "What is the process for admission",
     "admission",
     "admission process"
  ],
  "responses": [
     "Application can be submitted online through the following link: https://admission.thapar.edu/?_ga=2.95456602.752246876.1699273400-329283609.1690379840&_gl=1*bhpc6u*_ga*MzI5MjgzNjA5LjE2OTAzNzk4NDA.*_ga_5K6V5S5WTM*MTY5OTUyNTcyNi4xOS4xLjE2OTk1MjU4MDIuNjAuMC4w"
  ],
  "context_set": ""
},
{
  "tag": "scholarship",
  "patterns": [
     "scholarship",
     "Is scholarship available",
     "scholarship engineering",
     "scholarship it",
     "scholarship ce",
     "scholarship mechanical",
     "scholarship civil",
     "scholarship chemical",
     "scholarship for AI/ML",
     "available scholarships",
     "scholarship for computer engineering",
     "scholarship for IT engineering",
     "scholarship for mechanical engineering",
     "scholarship for civil engineering",
     "scholarship for chemical engineering",
     "list of scholarship",
     "comps scholarship",
     "IT scholarship",
     "mechanical scholarship",
     "civil scholarship",
     "chemical scholarship",
     "automobile scholarship",
     "first year scholarship",
     "second year scholarship",
     "third year scholarship",
     "fourth year scholarship"
  ],
  "responses": [
     "Many government scholarships are supported by our university. For details and updates visit <a target=\"_blank\" href=\"https://www.thapar.edu/upload/files/SCHOLARSHIP%20POLICY%202023-24.pdf\">here</a>"
  ],
  "context_set": ""
},
{
  "tag": "facilities",
  "patterns": [
     "What facilities college provide",
     "College facility",
     "What are college facilities",
     "facilities",
     "facilities provided"
  ],
  "responses": [
     "Our university's Engineering department provides fully AC Lab with internet connection, smart classroom, Auditorium, library,canteen"
  ],
  "context_set": ""
},
{
  "tag": "uniform",
  "patterns": [
     "college dress code",
     "college dresscode",
     "what is the uniform",
     "can we wear casuals",
     "Does college have an uniform",
     "Is there any uniform",
     "uniform",
     "what about uniform",
     "do we have to wear uniform"
  ],
  "responses": [
     "Descent dress code must be followed, there is no particular uniform provided."
  ],
  "context_set": ""
},
{
  "tag": "committee",
  "patterns": [
     "what are the different committe in college",
     "different committee in college",
     "Are there any committee in college",
     "Give me committee details",
     "committee",
     "how many committee are there in college"
  ],
  "responses": [
     "For the various committe in college refer to this link: https://www.thapar.edu/students/pages/student-societies"
  ],
  "context_set": ""
},
{
  "tag": "vacation",
  "patterns": [
     "holidays",
     "when will semester starts",
     "when will semester end",
     "when is the holidays",
     "list of holidays",
     "Holiday in these year",
     "holiday list",
     "about vacations",
     "about holidays",
     "When is vacation",
     "When is holidays",
     "how long will be the vacation"
  ],
  "responses": [
     "Academic calender is provided via an email by DOAA. Odd semester usually starts from August and ends in December, while the even semester is from January to May."
  ],
  "context_set": ""
},
{
  "tag": "sports",
  "patterns": [
     "sports and games",
     "give sports details",
     "sports infrastructure",
     "sports facilities",
     "information about sports",
     "Sports activities",
     "please provide sports and games information"
  ],
  "responses": [
     "Our university encourages all-round development of students and hence provides sports facilities in the campus. For more details visit<a target=\"_blank\" href=/\"https://www.thapar.edu/students/pages/introduction-sports\">here</a>"
  ],
  "context_set": ""
},
{
  "tag": "ragging",
  "patterns": [
     "ragging",
     "is ragging practice active in college",
     "does college have any antiragging facility",
     "is there any ragging cases",
     "is ragging done here",
     "ragging against",
     "antiragging facility",
     "ragging juniors",
     "ragging history",
     "ragging incidents"
  ],
  "responses": [
     "We are Proud to tell you that our college provides ragging free environment, and we have strict rules against ragging"
  ],
  "context_set": ""
}
]
}